<?xml version="1.0" encoding="utf-8"?>
<ow-dc:owBestand xmlns:da="http://www.geostandaarden.nl/imow/datatypenalgemeen"
   xmlns:ga="http://www.geostandaarden.nl/imow/gebiedsaanwijzing"
   xmlns:k="http://www.geostandaarden.nl/imow/kaart"
   xmlns:l="http://www.geostandaarden.nl/imow/locatie"
   xmlns:ow="http://www.geostandaarden.nl/imow/owobject"
   xmlns:ow-dc="http://www.geostandaarden.nl/imow/bestanden/deelbestand"
   xmlns:p="http://www.geostandaarden.nl/imow/pons"
   xmlns:r="http://www.geostandaarden.nl/imow/regels"
   xmlns:rg="http://www.geostandaarden.nl/imow/regelingsgebied"
   xmlns:rol="http://www.geostandaarden.nl/imow/regelsoplocatie"
   xmlns:s="http://www.geostandaarden.nl/imow/symbolisatie"
   xmlns:sl="http://www.geostandaarden.nl/bestanden-ow/standlevering-generiek"
   xmlns:vt="http://www.geostandaarden.nl/imow/vrijetekst"
   xmlns:xlink="http://www.w3.org/1999/xlink"
   xmlns:xsi="http://www.w3.org/2001/XMLSchema-instance"
   xsi:schemaLocation="http://www.geostandaarden.nl/imow/bestanden/deelbestand https://register.geostandaarden.nl/xmlschema/tpod/v2.0.0/bestanden-ow/deelbestand-ow/IMOW_Deelbestand.xsd">
   <sl:standBestand>
      <sl:dataset>Programma Energiehoofdstructuur</sl:dataset>
      <sl:inhoud>
         <sl:gebied>Nederland</sl:gebied>
         <sl:leveringsId>PE001_2022-08-16_002</sl:leveringsId>
         <sl:objectTypen>
            <sl:objectType>SymbolisatieItem</sl:objectType>
         </sl:objectTypen>
      </sl:inhoud>
      <sl:stand>
         <ow-dc:owObject>
            <s:SymbolisatieItem>
               <s:symboolcode>vsgt301</s:symboolcode>
               <s:gebiedsaanwijzingSymbolisatie>
                  <ga:GebiedsaanwijzingRef xlink:href="nl.imow-mnre1045.gebiedsaanwijzing.20221125001"/>
               </s:gebiedsaanwijzingSymbolisatie>
            </s:SymbolisatieItem>
         </ow-dc:owObject>
      </sl:stand>
      <sl:stand>
         <ow-dc:owObject>
            <s:SymbolisatieItem>
               <s:symboolcode>vsgt401</s:symboolcode>
               <s:gebiedsaanwijzingSymbolisatie>
                  <ga:GebiedsaanwijzingRef xlink:href="nl.imow-mnre1045.gebiedsaanwijzing.20221125002"/>
               </s:gebiedsaanwijzingSymbolisatie>
            </s:SymbolisatieItem>
         </ow-dc:owObject>
      </sl:stand>
      <sl:stand>
         <ow-dc:owObject>
            <s:SymbolisatieItem>
               <s:symboolcode>vsgt501</s:symboolcode>
               <s:gebiedsaanwijzingSymbolisatie>
                  <ga:GebiedsaanwijzingRef xlink:href="nl.imow-mnre1045.gebiedsaanwijzing.20221125003"/>
               </s:gebiedsaanwijzingSymbolisatie>
            </s:SymbolisatieItem>
         </ow-dc:owObject>
      </sl:stand>
      <sl:stand>
         <ow-dc:owObject>
            <s:SymbolisatieItem>
               <s:symboolcode>vsgt601</s:symboolcode>
               <s:gebiedsaanwijzingSymbolisatie>
                  <ga:GebiedsaanwijzingRef xlink:href="nl.imow-mnre1045.gebiedsaanwijzing.20221125004"/>
               </s:gebiedsaanwijzingSymbolisatie>
            </s:SymbolisatieItem>
         </ow-dc:owObject>
      </sl:stand>
   </sl:standBestand>
</ow-dc:owBestand>
