<?xml version="1.0" ?>
<AanleveringInformatieObject xmlns="https://standaarden.overheid.nl/lvbb/stop/aanlevering/" xmlns:geo="https://standaarden.overheid.nl/stop/imop/geo/" xmlns:xsi="http://www.w3.org/2001/XMLSchema-instance" schemaversie="1.2.0" xsi:schemaLocation="https://standaarden.overheid.nl/lvbb/stop/aanlevering https://standaarden.overheid.nl/lvbb/1.2.0/lvbb-stop-aanlevering.xsd">
  <InformatieObjectVersie>
    <ExpressionIdentificatie xmlns="https://standaarden.overheid.nl/stop/imop/data/">
      <FRBRWork>/join/id/regdata/mnre1045/2022/20221125004</FRBRWork>
      <FRBRExpression>/join/id/regdata/mnre1045/2022/20221125004/nld@2022-11-25</FRBRExpression>
      <soortWork>/join/id/stop/work_010</soortWork>
    </ExpressionIdentificatie>
    <InformatieObjectVersieMetadata xmlns="https://standaarden.overheid.nl/stop/imop/data/">
      <heeftBestanden>
        <heeftBestand>
          <Bestand>
            <bestandsnaam>or_elektriciteit_vestigingsplaats_kernenergie.gml</bestandsnaam>
            <hash>69fa258cb04bf23e732d295ecee768abe7fba44272ba687f1ff1ba4095291fba20265e13b8b52c76baceec5dbc1fcd36b3463fb171f7418103eecea35af17e03</hash>
          </Bestand>
        </heeftBestand>
      </heeftBestanden>
      <heeftGeboorteregeling>/akn/nl/act/mnre1045/2022/PE001-003</heeftGeboorteregeling>
    </InformatieObjectVersieMetadata>
    <InformatieObjectMetadata xmlns="https://standaarden.overheid.nl/stop/imop/data/">
      <eindverantwoordelijke>/tooi/id/ministerie/mnre1045</eindverantwoordelijke>
      <maker>/tooi/id/ministerie/mnre1045</maker>
      <officieleTitel>/join/id/regdata/mnre1045/2022/20221125004</officieleTitel>
      <naamInformatieObject>vestigingsplaatsen voor kernenergiecentrales</naamInformatieObject>
      <publicatieinstructie>TeConsolideren</publicatieinstructie>
      <formaatInformatieobject>/join/id/stop/informatieobject/gio_002</formaatInformatieobject>
    </InformatieObjectMetadata>
  </InformatieObjectVersie>
</AanleveringInformatieObject>